employee_id,hotel_id,employee_name,department,salary,experience_years,shift_type
1,80,Tonya Newton,Reception,28396,7,Morning
2,85,Janet Kelley,Maintenance,57469,3,Night
3,19,Justin Wright,Reception,58733,18,Evening
4,28,Derrick Vaughn,Security,69176,4,Morning
5,28,Mary Martin,Housekeeping,90458,19,Evening
6,24,Julie Mitchell,Management,47088,7,Night
7,77,Kenneth Rogers,Restaurant,47457,10,Evening
8,40,Michele Arnold,Management,116735,16,Night
9,39,Andrew Reid,Housekeeping,117779,18,Night
10,40,Anna Aguilar,Restaurant,58290,15,Evening
11,32,Jennifer Humphrey,Security,53398,2,Morning
12,86,Tanya Hall,Restaurant,56402,9,Evening
13,67,Ariana Golden,Restaurant,115040,1,Night
14,53,Anthony Oconnell,Housekeeping,57373,5,Morning
15,30,Deborah Garcia,Maintenance,63235,8,Evening
16,75,Jeffrey Davenport,Restaurant,39655,13,Evening
17,57,Michael Alvarez,Management,82019,14,Morning
18,66,April Leonard,Reception,28792,3,Morning
19,78,Tara Tran,Maintenance,60752,12,Morning
20,10,George Hoover,Housekeeping,56953,5,Evening
21,44,Charles Nelson,Management,40426,10,Evening
22,76,Christy Johnson,Maintenance,39849,14,Evening
23,46,Nicholas Crawford,Reception,32631,5,Morning
24,5,Ashlee Carter,Reception,112765,19,Evening
25,27,Ryan Smith,Security,32090,19,Night
26,94,Jeff Barrett,Maintenance,46247,16,Evening
27,53,Kevin Moreno,Housekeeping,110835,8,Night
28,27,Susan Grant,Housekeeping,26100,9,Night
29,80,Nathan Bonilla,Management,113406,5,Evening
30,44,Tiffany Phillips,Maintenance,116676,8,Evening
31,25,Robert Boyd,Maintenance,49934,8,Night
32,74,Roberta Mccormick,Housekeeping,64989,20,Morning
33,53,Alexis Castillo,Reception,114424,10,Evening
34,74,Dawn Anderson,Housekeeping,56703,4,Night
35,38,Dr. Jasmine Hood,Restaurant,104977,19,Morning
36,49,Brian Morton,Security,48553,3,Evening
37,73,Brian Thomas,Reception,77574,4,Night
38,21,Crystal Rodgers,Restaurant,77782,16,Night
39,86,Rhonda Hull,Reception,59327,7,Evening
40,91,John Bradford,Security,40481,8,Morning
41,49,Ashley Johnston,Security,105145,14,Evening
42,63,Adam Buckley,Restaurant,81188,1,Night
43,22,Gary Lane,Management,42297,15,Morning
44,11,George Burke,Housekeeping,74777,7,Night
45,81,Kristen Weber,Reception,70209,8,Morning
46,67,Jessica Hunter,Maintenance,62085,2,Evening
47,17,Alexandria Johnson,Reception,91553,6,Evening
48,61,Sierra Martinez,Restaurant,40713,8,Night
49,11,Denise Ewing,Management,105311,20,Morning
50,21,Jessica Black,Reception,102221,20,Evening
51,78,Joseph James,Reception,46449,8,Evening
52,36,Donald Barron,Restaurant,94563,15,Evening
53,99,Matthew Mahoney,Housekeeping,97862,8,Evening
54,86,Frank Smith,Maintenance,73051,13,Morning
55,54,Anna Andrews,Restaurant,35452,20,Evening
56,50,Patricia Sampson,Restaurant,109389,19,Morning
57,69,Amber Perry,Maintenance,111724,20,Morning
58,17,Angela Chen,Security,96686,2,Morning
59,63,Ray Coleman,Restaurant,100255,6,Night
60,21,Elizabeth Aguilar MD,Maintenance,26218,3,Morning
61,48,April Kim,Reception,32951,19,Night
62,54,Wendy Simpson,Maintenance,66160,7,Evening
63,71,Carl Chapman,Reception,42232,14,Night
64,98,Stacey Hoffman,Management,29684,12,Morning
65,18,Dustin Robinson,Reception,47285,9,Evening
66,55,Lisa West,Housekeeping,100287,13,Night
67,74,James Johnson,Management,74654,12,Morning
68,96,Ivan Gonzalez,Housekeeping,88350,3,Evening
69,55,Eric Williams,Restaurant,45956,7,Morning
70,27,Jonathan Smith,Housekeeping,90158,19,Evening
71,1,Amanda Chen,Maintenance,63209,8,Night
72,81,Robert Horn,Restaurant,67863,2,Morning
73,84,Stephen Hoffman,Housekeeping,115738,16,Morning
74,1,Kendra Downs,Restaurant,54450,16,Evening
75,24,Kristina Moran,Security,98606,4,Morning
76,6,Holly Graham,Security,83900,20,Night
77,45,Jennifer Bauer,Security,51253,19,Night
78,46,James Dalton,Maintenance,97018,18,Morning
79,37,Maurice Hampton,Restaurant,98753,7,Morning
80,34,Erik Thornton,Security,52417,10,Morning
81,22,Jerry Davis,Housekeeping,59141,12,Morning
82,72,Timothy Parker,Housekeeping,97820,11,Morning
83,24,Manuel Maxwell,Maintenance,91519,15,Morning
84,24,Lawrence Parker,Restaurant,85265,20,Evening
85,41,Michael Sanders,Reception,77278,15,Evening
86,46,Alan Murray,Management,31941,16,Night
87,70,Lisa Harris,Maintenance,113305,13,Evening
88,51,Steven Kennedy,Housekeeping,38685,11,Night
89,49,Robert Lee,Reception,29637,10,Morning
90,92,Spencer Phillips,Reception,77660,18,Morning
91,32,Bobby Cook,Restaurant,71545,2,Evening
92,6,Brandy Payne,Reception,70405,10,Night
93,30,Timothy Sims,Management,85054,4,Morning
94,35,Brandi Hodge,Reception,118607,6,Evening
95,100,Nancy Jones,Restaurant,38624,15,Morning
96,16,Donna Velasquez,Management,107105,17,Evening
97,65,Chelsea Fox,Reception,32681,18,Morning
98,72,Lori Fuller,Security,104744,17,Morning
99,51,Ashley Landry,Housekeeping,37689,7,Night
100,22,Michael Curtis,Reception,119789,2,Evening
101,11,Diane Coleman,Security,104863,13,Evening
102,80,Kyle Johnson,Restaurant,28995,18,Night
103,90,Jane Gilbert,Management,36008,13,Morning
104,15,Chad Gonzalez,Restaurant,59871,11,Evening
105,53,Amanda Wilson,Security,106986,1,Morning
106,56,Charles Wang,Security,85676,16,Morning
107,44,Daniel Sanchez,Restaurant,49168,12,Morning
108,82,Albert Newton,Reception,64187,12,Evening
109,37,Janice Murphy,Management,59157,6,Morning
110,60,George Ford,Reception,41837,14,Night
111,19,James Henderson,Reception,102163,20,Morning
112,28,Darren Mills,Maintenance,118807,19,Night
113,39,Ashley Taylor,Reception,83757,2,Evening
114,60,Troy Garcia,Maintenance,40864,7,Evening
115,79,Michelle Daniels,Reception,54346,15,Evening
116,18,Anna James,Security,93975,3,Morning
117,74,Jessica Thompson,Security,56333,4,Evening
118,37,Dillon Walker,Restaurant,85154,8,Night
119,50,Patrick Vasquez,Restaurant,32922,6,Morning
120,53,Christina Travis,Reception,33730,7,Night
121,52,Carmen Fields,Reception,100813,12,Evening
122,47,Karen Villanueva,Security,62503,1,Night
123,46,Austin Rogers,Housekeeping,47032,14,Morning
124,3,Randall Lopez,Maintenance,37719,3,Evening
125,41,Kenneth George,Maintenance,27137,18,Evening
126,98,Anne Scott,Reception,89768,18,Evening
127,20,Rebecca Boyd,Reception,45020,4,Night
128,51,Monica Johnson,Reception,106135,17,Night
129,7,Kelly Ross,Restaurant,52328,13,Night
130,19,Debra Acosta,Maintenance,106476,11,Morning
131,16,Kimberly Herring,Housekeeping,42056,13,Evening
132,49,Jonathan Smith,Maintenance,46432,2,Morning
133,29,Sarah Melton,Management,79168,14,Night
134,87,Emily Hodges,Security,67713,6,Morning
135,62,Nicholas Perez,Reception,53192,9,Evening
136,66,Alice Burns,Security,31045,6,Morning
137,40,Steven Greer,Housekeeping,100183,17,Morning
138,41,Mr. Miguel Hahn,Management,59550,1,Evening
139,32,Dale Gilbert,Security,41802,16,Morning
140,4,Keith Bradford,Reception,106873,2,Evening
141,43,Pam Larson,Security,71647,20,Evening
142,69,Kimberly Adams,Management,110502,14,Morning
143,36,Mark Glover,Restaurant,89384,16,Morning
144,3,Angela Decker,Management,60215,16,Night
145,65,Sean Stark,Maintenance,111233,18,Morning
146,95,Jack Wheeler,Security,103019,1,Night
147,86,James Peterson,Management,67620,12,Evening
148,5,Amy Fowler,Restaurant,100967,10,Evening
149,53,Madison Thompson,Reception,119101,5,Night
150,27,Aaron Wallace,Maintenance,55838,20,Night
151,99,Courtney Jackson,Maintenance,46089,5,Morning
152,28,Johnny Beasley,Security,102510,16,Night
153,33,Jennifer Taylor,Reception,75532,15,Evening
154,73,Andrew Macdonald,Housekeeping,97082,1,Morning
155,74,Brittany Jackson,Restaurant,51073,14,Morning
156,61,Brendan Moore,Restaurant,113431,5,Morning
157,20,Jessica Martinez,Security,84958,10,Evening
158,19,Jillian Sullivan,Restaurant,33449,14,Night
159,13,Phillip Phillips,Management,63362,5,Evening
160,8,Andrew Browning,Maintenance,83468,2,Evening
161,100,Kirk Mcdonald,Maintenance,101313,19,Evening
162,48,Edward Cook,Security,113459,15,Night
163,5,Rhonda Shields,Security,42597,19,Morning
164,54,Joseph Lewis,Reception,33521,17,Evening
165,17,Alan Goodman,Management,83005,20,Morning
166,82,Travis Williams,Housekeeping,42572,12,Evening
167,99,Charles Ross,Maintenance,49300,15,Morning
168,68,Michelle Smith,Reception,36389,18,Evening
169,27,Kim Dunn,Maintenance,48940,3,Night
170,80,Jason Miller,Security,109571,15,Night
171,7,Michael Whitaker,Management,115854,17,Night
172,3,Michael Hall,Security,42157,5,Morning
173,97,Nicholas Jordan,Reception,72737,20,Night
174,98,Tiffany Howard,Maintenance,103738,7,Morning
175,30,John Conway,Restaurant,64226,1,Morning
176,32,Diana Bailey,Management,34613,1,Morning
177,84,James Gardner,Reception,31485,16,Morning
178,46,Edward Bradshaw,Reception,44570,15,Evening
179,67,Cynthia Melendez,Maintenance,74058,7,Night
180,77,Christopher Bell,Housekeeping,38609,6,Morning
181,94,Michael Dixon,Management,94704,14,Morning
182,73,Phillip Ibarra,Maintenance,104701,9,Evening
183,2,Andrew Fisher,Maintenance,27060,6,Night
184,84,Tracy Mitchell,Housekeeping,79008,17,Morning
185,1,Justin Greene,Security,106985,16,Night
186,71,Lauren Garcia,Maintenance,30610,10,Evening
187,27,Charles Anderson,Housekeeping,31158,19,Morning
188,4,Dustin Myers,Management,115098,14,Night
189,6,Tonya Lee,Reception,96285,4,Morning
190,29,Andrew Palmer,Restaurant,67058,6,Evening
191,54,Jennifer Cox,Reception,54043,14,Night
192,53,Kimberly Smith,Restaurant,74832,6,Morning
193,45,Rebecca Richardson,Restaurant,117226,12,Night
194,81,Matthew Swanson,Restaurant,95906,7,Night
195,18,Misty Martinez,Reception,91288,2,Evening
196,64,Amber Brown,Security,108983,6,Night
197,56,James Thomas,Security,104269,8,Evening
198,23,Eric Rogers,Housekeeping,76589,11,Night
199,62,Tamara Arnold,Maintenance,100981,8,Night
200,86,Brian Bailey,Management,26476,17,Night
201,72,Jennifer Cooper,Reception,111547,15,Morning
202,25,Laurie Garcia,Restaurant,45553,4,Evening
203,45,Melissa Smith,Security,95962,10,Morning
204,14,Charles Crosby,Security,85936,13,Night
205,20,Elizabeth Mccormick,Security,101953,16,Evening
206,4,John Brown,Management,27401,6,Night
207,2,Lauren Ramos,Reception,45928,3,Morning
208,13,Michael Yang,Maintenance,47302,16,Evening
209,15,Christopher Butler,Maintenance,65895,13,Evening
210,85,Christine Alvarez,Restaurant,25708,3,Evening
211,19,Andre Garcia,Restaurant,114858,20,Evening
212,45,Paul Hill,Restaurant,46777,19,Night
213,39,Gregory Martinez,Security,107889,8,Evening
214,83,Kim Morris,Restaurant,74099,1,Morning
215,2,Emily Anderson,Management,69645,11,Evening
216,76,Jennifer Haynes,Restaurant,29335,5,Morning
217,60,Vincent Holt,Maintenance,93168,20,Night
218,62,Joseph Jordan,Security,61572,11,Evening
219,60,Julie Garcia,Restaurant,80936,11,Night
220,36,Catherine Gray,Restaurant,49492,4,Night
221,6,Alec Lowe,Housekeeping,43651,1,Morning
222,60,Frank Wade,Housekeeping,33449,13,Night
223,65,Jessica Cooper,Housekeeping,79686,6,Evening
224,48,Melissa Salas,Management,32762,11,Evening
225,81,Michelle Collins,Housekeeping,31378,13,Night
226,35,Gregory Turner,Reception,31199,4,Evening
227,55,Peter Smith,Reception,60433,14,Night
228,47,Mr. Thomas Wilson Jr.,Management,41648,2,Evening
229,78,Elaine Jimenez,Management,39195,16,Night
230,14,Paul Wood,Restaurant,66972,17,Evening
231,94,Laura Mcguire,Restaurant,30815,2,Morning
232,93,James Johnson,Reception,87113,3,Morning
233,2,Drew Guzman Jr.,Security,53966,9,Morning
234,17,Amy Mayer,Housekeeping,103218,9,Night
235,46,William Washington,Management,36751,10,Evening
236,14,Beverly Fisher,Security,118257,3,Evening
237,33,Edwin Lucas,Management,101132,3,Night
238,15,Mr. Corey Green MD,Maintenance,116390,14,Night
239,32,Timothy Wood,Reception,111708,6,Morning
240,14,Pamela Benson,Maintenance,71411,3,Night
241,59,Ashley Hill,Maintenance,57507,8,Morning
242,12,Jeffrey Perez,Reception,29292,9,Evening
243,63,Laura Simon,Restaurant,63661,6,Night
244,1,Brian Martinez,Security,31474,14,Evening
245,18,Katherine Mason,Housekeeping,84306,19,Night
246,34,John Baldwin,Reception,109003,4,Night
247,97,Rachel Davis,Management,37353,2,Morning
248,32,Gregg Ingram,Management,26520,4,Evening
249,2,Lauren Duke,Housekeeping,80270,8,Morning
250,39,Michael Mitchell,Maintenance,96656,11,Evening
251,51,Nicholas Jones,Security,43400,5,Evening
252,71,Shane Fields,Maintenance,56654,5,Night
253,78,Sarah Wood,Restaurant,82585,17,Evening
254,34,Daniel Myers,Security,104480,3,Evening
255,67,Brooke Jackson,Restaurant,99157,19,Evening
256,42,Joshua Miller,Maintenance,78536,14,Night
257,2,Robin Zavala,Restaurant,54443,13,Evening
258,74,Eric George,Security,67263,17,Morning
259,85,Michael Parker,Reception,69504,13,Morning
260,71,Megan Leblanc,Security,33132,19,Morning
261,24,Jason Jennings,Maintenance,94383,5,Evening
262,27,Donna Dominguez,Housekeeping,100654,14,Night
263,73,Autumn Bennett,Maintenance,41448,17,Morning
264,45,Timothy Berg,Management,114168,5,Evening
265,94,Lisa Cook,Security,59853,10,Night
266,14,Donald White,Maintenance,66147,17,Night
267,78,Larry Nelson,Maintenance,100676,20,Morning
268,47,Stephen Berry,Maintenance,104885,13,Morning
269,62,Anna Patterson,Management,110085,15,Night
270,52,Christopher Flores,Housekeeping,55221,7,Evening
271,28,Adam Schmidt,Housekeeping,48758,20,Morning
272,57,Melissa Fernandez,Maintenance,50805,19,Morning
273,70,Heather Sweeney,Restaurant,112314,2,Morning
274,85,Kimberly Mccoy,Restaurant,26758,16,Morning
275,1,Victoria Deleon,Security,31394,17,Evening
276,9,Bradley Vincent,Housekeeping,99774,15,Night
277,27,Emily Espinoza,Restaurant,80665,11,Morning
278,71,John Price,Maintenance,69443,18,Night
279,56,Travis Miller,Security,60550,17,Evening
280,19,Michael Chambers,Management,64539,6,Evening
281,6,Stacy Bowman,Housekeeping,49639,7,Evening
282,82,Dr. Tracy Olson,Maintenance,33762,4,Night
283,39,Lisa Reese,Management,85694,12,Evening
284,93,Jennifer Rivera,Restaurant,101129,13,Morning
285,5,Trevor Carter,Security,27094,11,Morning
286,28,Frank Moses,Housekeeping,91377,1,Night
287,15,Eric Ward Jr.,Housekeeping,94078,19,Evening
288,76,Karla Hart,Security,104967,18,Night
289,19,Victor Mclean,Reception,86832,6,Morning
290,20,Dr. Cristina Taylor,Maintenance,62531,12,Evening
291,23,Lucas Lane,Restaurant,65452,17,Night
292,29,Michael Reynolds,Security,116182,18,Night
293,33,Paul Edwards,Restaurant,98735,5,Morning
294,53,Gregory Wright,Maintenance,41032,8,Morning
295,97,Jason Myers,Security,110404,7,Night
296,88,Jesse Gonzales,Restaurant,51006,12,Morning
297,39,David Clark,Restaurant,103765,4,Evening
298,43,James Little,Security,45586,5,Night
299,48,Nancy Hogan,Reception,72238,12,Night
300,13,Nicholas Solis,Reception,70088,18,Night
301,98,Caitlin Lynch,Restaurant,114754,3,Night
302,86,Sandra Williams,Management,108510,4,Night
303,9,Dakota Garrett,Reception,114468,20,Night
304,1,Javier Johnson,Reception,26110,17,Morning
305,9,Brooke Larson,Maintenance,44769,18,Night
306,97,Latoya Villa,Security,25861,15,Evening
307,85,Chad Caldwell,Maintenance,82736,3,Night
308,23,Kelly Navarro,Housekeeping,118696,4,Night
309,77,Casey Cruz,Housekeeping,112590,11,Evening
310,94,Tyler Clark,Housekeeping,60467,20,Evening
311,76,Kimberly English,Restaurant,46956,2,Evening
312,93,Kayla Robertson,Reception,110345,9,Night
313,81,Alyssa Ward,Security,83219,6,Evening
314,39,Angela Bauer,Maintenance,28160,17,Evening
315,48,Taylor Smith,Reception,72586,16,Morning
316,88,Michael Hunt,Maintenance,51092,11,Night
317,50,Gary Mercer,Security,83618,6,Morning
318,36,Terry Williams,Maintenance,57741,17,Evening
319,17,Julia Kennedy,Management,32093,5,Night
320,19,Suzanne Ruiz,Restaurant,114809,4,Night
321,99,Kevin Hayes,Security,104867,4,Morning
322,95,Morgan Simmons,Restaurant,57800,6,Night
323,56,Michael Orr,Security,76260,11,Evening
324,23,Daniel Aguilar,Restaurant,108300,8,Morning
325,29,Amber King,Restaurant,89912,14,Night
326,11,Kristen Wilkins,Restaurant,105197,11,Night
327,30,Samantha Jones,Housekeeping,104868,4,Night
328,43,Brian Barton,Reception,31661,18,Morning
329,60,Ruth Fitzgerald,Management,106810,9,Morning
330,12,Kim Elliott,Restaurant,86185,20,Morning
331,43,Grant Chaney,Management,56871,18,Morning
332,44,Jason Cortez,Maintenance,76080,10,Morning
333,42,Scott Anderson,Security,36586,18,Night
334,76,Chelsea Ross,Security,37206,18,Night
335,30,Mr. Daniel Schultz,Reception,109596,5,Night
336,92,Stephanie Roach,Reception,88593,12,Morning
337,94,Taylor Arnold,Management,37510,5,Morning
338,57,Jessica Perry,Restaurant,98110,5,Evening
339,37,Patricia Werner,Reception,95182,7,Night
340,46,Tracy Lloyd,Management,66603,14,Morning
341,89,Tammy Murray,Reception,61372,15,Morning
342,79,Stephanie Curtis,Maintenance,112815,6,Night
343,91,David Blake,Housekeeping,91642,6,Morning
344,87,Amanda Andrews,Restaurant,51745,6,Morning
345,50,Scott Anderson,Restaurant,63949,17,Night
346,90,Cynthia Aguirre,Management,39494,20,Evening
347,53,Joseph Rodriguez,Reception,37184,12,Night
348,33,Kara Calhoun,Security,114215,2,Evening
349,11,Dennis White,Management,118015,20,Morning
350,42,Sherry Hubbard,Reception,70800,5,Evening
351,34,Colin Stephens,Reception,77066,12,Night
352,10,Kevin Zavala,Housekeeping,56707,12,Morning
353,77,Paula Adams,Reception,87623,6,Night
354,63,Jeremy Castro,Housekeeping,74112,6,Morning
355,46,Spencer Nelson,Security,115708,13,Evening
356,63,Alfred Brown,Restaurant,62580,20,Morning
357,39,Karina Mcdonald,Management,58177,16,Night
358,64,Amanda Owens,Restaurant,108232,17,Morning
359,29,Jessica Lee,Security,98312,14,Morning
360,45,Jerry Fischer,Reception,91042,16,Morning
361,97,Debra Hunt,Management,43100,14,Morning
362,18,Joshua Randall,Housekeeping,28333,13,Night
363,53,Dawn Estrada,Security,117210,17,Night
364,1,Alexander Jones,Housekeeping,71255,8,Evening
365,4,Jeffery Brown,Reception,112658,5,Morning
366,73,Joshua Taylor,Management,85782,5,Night
367,58,Tanya Walker,Management,103417,7,Evening
368,98,Thomas Buckley,Reception,70963,8,Night
369,6,Dennis Johnson,Housekeeping,67801,10,Night
370,96,Jonathan Jimenez,Reception,59972,7,Night
371,44,Gregory Watson,Maintenance,85307,11,Evening
372,68,Stephen Phillips,Restaurant,68583,1,Night
373,37,Daniel Perry,Restaurant,69890,20,Night
374,49,Michele Ryan,Maintenance,50581,5,Evening
375,66,Alexis Richard,Management,82459,9,Morning
376,48,Brent Stone,Management,54439,1,Evening
377,79,Janet Thomas,Security,41679,8,Morning
378,54,William Sanders,Management,63060,7,Morning
379,44,Kenneth Garcia,Restaurant,115277,5,Night
380,81,Jeremy Mathis,Reception,25986,20,Morning
381,85,Sylvia Avila,Housekeeping,75798,4,Night
382,76,Stephanie Smith,Reception,93323,16,Evening
383,5,Briana Williams,Management,115708,1,Night
384,1,John Bell,Maintenance,114934,17,Evening
385,49,Sarah Chavez,Restaurant,68448,4,Morning
386,14,Kelli Garner,Security,56613,20,Evening
387,98,Douglas Huber,Housekeeping,86947,16,Morning
388,55,Steven Walters,Security,48671,15,Evening
389,31,Donald Keller,Management,40008,5,Morning
390,70,Michael Jackson,Maintenance,64601,16,Evening
391,19,Natalie Warren,Management,97495,14,Night
392,58,Jessica Lee,Restaurant,26276,15,Night
393,85,Randy Lee,Maintenance,118953,8,Evening
394,72,Valerie Rogers,Management,58395,9,Night
395,69,Emily Aguilar,Restaurant,79452,6,Evening
396,22,Cassie Wheeler,Reception,107423,12,Morning
397,77,Antonio Landry,Restaurant,47807,7,Evening
398,38,Melissa Estrada,Reception,86982,1,Night
399,60,Amanda Herring,Restaurant,110791,8,Night
400,97,Angela Walker,Restaurant,56686,17,Evening
401,27,Jimmy Olson,Maintenance,26551,15,Morning
402,11,Carlos Fritz,Restaurant,27256,3,Morning
403,30,Nicholas Jones,Management,34736,10,Night
404,83,Deborah Whitehead,Reception,27273,11,Evening
405,19,Joy Anderson,Housekeeping,109022,8,Morning
406,82,Courtney Wright,Management,80259,16,Morning
407,23,Dr. Stephen Campbell,Housekeeping,109123,8,Evening
408,78,Edward Bell,Maintenance,100994,14,Night
409,26,Randy Haynes,Housekeeping,58297,20,Evening
410,95,Patty Contreras,Maintenance,72751,1,Morning
411,57,Brent Gonzalez,Housekeeping,101403,4,Night
412,18,Brandy Crawford,Management,79497,14,Morning
413,70,Adam Miles,Reception,119594,8,Night
414,40,Christopher Weiss,Maintenance,58310,14,Night
415,44,Kyle Schultz,Security,93858,17,Morning
416,38,Robert Morris,Security,47809,1,Evening
417,19,Candace Strickland,Security,102725,19,Night
418,44,Rita Gonzalez,Security,94538,10,Morning
419,1,Barbara Guerrero,Management,58350,1,Night
420,84,Derek Kennedy,Security,109220,12,Night
421,58,Katie Holmes,Management,51376,16,Evening
422,98,Sarah Grant,Housekeeping,51664,4,Evening
423,89,Kevin Little,Housekeeping,74561,10,Morning
424,84,Casey Nash,Security,112145,16,Night
425,7,Mary Hicks,Management,46732,18,Evening
426,38,Lisa Dixon,Housekeeping,116744,11,Morning
427,31,Kaitlin Miller,Management,71489,14,Morning
428,10,Brooke Thomas,Reception,64520,14,Morning
429,57,Heather Owens,Restaurant,92826,14,Night
430,53,Brandon Huffman,Restaurant,98612,15,Morning
431,67,Patrick Dickerson,Security,38848,12,Morning
432,16,Ann Estrada,Security,112341,17,Evening
433,98,Megan Jimenez,Management,68484,2,Evening
434,58,Lisa Cox DVM,Restaurant,71325,13,Evening
435,77,Mr. Martin Mcdaniel,Restaurant,27438,4,Night
436,11,Brenda Cook,Security,116541,19,Evening
437,61,Caleb Gonzalez,Maintenance,64194,5,Morning
438,92,Michelle Barber,Management,36245,7,Morning
439,91,Mark Smith,Security,44744,8,Night
440,39,Samuel Snyder,Management,44044,17,Morning
441,77,Nicholas Sanders,Restaurant,44223,8,Night
442,18,Tyler West,Maintenance,99606,17,Evening
443,65,Peter Dean,Management,67186,10,Morning
444,39,Kevin Case,Housekeeping,82017,15,Morning
445,55,Ryan Lucas,Housekeeping,99155,5,Morning
446,55,Derek Vaughan,Maintenance,26770,17,Evening
447,30,Michele Combs,Security,26963,15,Evening
448,88,Lauren Wilkerson,Management,65751,17,Morning
449,84,Alyssa Young,Housekeeping,110646,2,Evening
450,12,Shawn Mitchell,Restaurant,105375,12,Morning
451,69,Michelle Watts,Restaurant,86189,7,Night
452,92,Samuel Ali,Reception,71237,17,Night
453,29,Amy Galvan,Management,50400,2,Morning
454,72,Tony Hamilton,Maintenance,66025,6,Morning
455,45,Sandy Sexton,Maintenance,39924,4,Morning
456,66,Steven Zuniga,Housekeeping,116653,9,Morning
457,78,Joshua Anderson,Restaurant,37036,11,Night
458,76,Alice Collins,Maintenance,106228,3,Morning
459,63,Darryl Gutierrez,Security,113339,20,Night
460,14,Amy Reynolds,Security,71006,13,Night
461,91,Elizabeth Casey,Housekeeping,85299,14,Night
462,71,Melanie Riggs,Maintenance,78315,2,Evening
463,77,William Beck,Reception,79723,12,Night
464,94,Wendy Robertson,Security,90399,10,Night
465,34,Tonya Lopez,Maintenance,75359,3,Evening
466,54,Maria Powell,Security,69605,4,Evening
467,18,Michael Hall,Security,63350,1,Night
468,79,Paul Medina,Management,79358,11,Evening
469,90,Shannon Trujillo,Reception,33689,17,Evening
470,57,Erica Barber,Maintenance,67931,1,Night
471,6,Mariah Smith,Reception,32108,6,Evening
472,99,Thomas Perry,Restaurant,105973,13,Morning
473,72,Michael Stevens,Management,111849,2,Evening
474,61,Nancy Hampton,Reception,104302,7,Evening
475,81,Alejandro Harrington,Maintenance,39026,10,Morning
476,10,Nathaniel Morris,Restaurant,32838,7,Night
477,9,Jessica Green,Housekeeping,72836,13,Evening
478,84,Timothy Barnes,Management,84771,15,Night
479,15,Lisa Williams,Housekeeping,79350,3,Morning
480,53,Timothy Carter,Security,42226,15,Morning
481,76,Jordan Hudson,Security,107030,10,Morning
482,43,Mark Brown,Security,108225,3,Night
483,82,Michael Cardenas,Restaurant,71815,10,Morning
484,13,Holly Reyes,Restaurant,71015,6,Morning
485,37,Kim Bennett,Housekeeping,91034,13,Evening
486,62,Justin Diaz,Maintenance,28380,3,Morning
487,76,Kimberly Shaffer,Security,30688,16,Morning
488,25,Cheryl Scott,Management,28896,8,Morning
489,58,Stacy Lewis,Maintenance,50907,19,Morning
490,94,Donna Moore,Management,48086,11,Night
491,1,Rhonda Johnson,Security,95456,16,Morning
492,33,Jon Lutz,Management,70944,6,Night
493,24,Tyler Dominguez,Reception,40979,3,Night
494,1,Sarah Brown,Housekeeping,104742,11,Night
495,22,Brent Allen,Housekeeping,86532,2,Evening
496,5,Dana Garner,Reception,88075,5,Evening
497,8,Frank Wilson,Restaurant,33242,7,Night
498,95,Taylor Lopez,Restaurant,78140,20,Morning
499,62,Michelle Miller,Reception,62376,5,Evening
500,50,James Jackson,Restaurant,91247,3,Evening
501,49,Ashley Cunningham,Reception,62809,16,Morning
502,54,Emily Maxwell,Management,72392,7,Evening
503,7,Matthew Frank,Restaurant,79046,10,Morning
504,7,Tamara Everett,Maintenance,67960,8,Night
505,72,Robert Camacho,Management,37672,4,Night
506,40,Ronald Hernandez,Maintenance,97177,8,Evening
507,4,Paul Clay,Maintenance,27352,16,Night
508,39,Patrick Harrington,Security,42262,11,Evening
509,84,Justin Mcintyre,Security,113223,20,Morning
510,62,Tyler Mays,Housekeeping,32403,16,Night
511,30,Erika Rich,Security,117837,13,Morning
512,33,Timothy Adams,Maintenance,38950,17,Morning
513,74,Meredith Clayton,Maintenance,102257,4,Evening
514,98,Rickey George,Housekeeping,51372,10,Morning
515,29,Theresa Green,Reception,86284,2,Morning
516,35,Kenneth Atkinson,Maintenance,43487,20,Morning
517,26,Theresa Campbell,Restaurant,117242,10,Night
518,26,Mercedes Walker,Restaurant,71790,16,Night
519,79,Justin Burke,Management,107387,9,Evening
520,28,John Miller,Maintenance,71356,8,Night
521,28,James Green,Restaurant,96673,5,Night
522,31,Jonathan Beard,Management,62851,17,Night
523,92,Jenny Ferguson,Restaurant,27666,19,Morning
524,91,Ashley Brock,Security,79977,5,Morning
525,30,Russell Hancock,Security,98780,4,Night
526,5,Jason Ellis,Management,48099,19,Morning
527,27,Sabrina Price,Reception,33025,9,Night
528,34,Oscar Berry,Management,87576,2,Morning
529,37,David Roberson,Restaurant,62368,20,Morning
530,84,Catherine Berry,Maintenance,86892,8,Night
531,79,Johnathan Merritt,Security,115865,3,Night
532,72,Michael Ware Jr.,Housekeeping,63415,19,Morning
533,35,Michael Austin,Housekeeping,72669,10,Evening
534,36,James Harvey,Security,106469,19,Evening
535,50,Paul Maldonado,Housekeeping,110616,15,Night
536,12,Patrick Graham,Management,39254,8,Evening
537,27,Vanessa Peterson,Security,73410,8,Morning
538,98,Brittany Suarez,Reception,81145,17,Evening
539,88,Alison Taylor,Security,71797,13,Evening
540,8,Joseph Bryant,Reception,102548,11,Evening
541,16,Mary Jones,Management,43631,20,Evening
542,56,Mario Rodriguez,Security,41212,16,Evening
543,90,Robert Tucker DVM,Maintenance,35958,19,Night
544,74,Gina Smith,Reception,78273,4,Morning
545,68,Samuel Lopez,Reception,34354,17,Night
546,48,Michael Bishop Jr.,Security,108954,9,Night
547,31,Janet Mcknight,Security,83454,4,Evening
548,82,Daniel Herrera,Management,39823,3,Evening
549,69,Michelle Henson,Security,56134,11,Evening
550,67,Christy Obrien,Restaurant,36901,14,Evening
551,59,Nicole Lee,Management,46994,3,Night
552,36,Jessica Shields,Housekeeping,111290,19,Morning
553,42,David Wilson,Management,77653,6,Morning
554,15,James Johnson,Maintenance,34558,9,Evening
555,12,Daniel Meyer,Maintenance,67188,1,Morning
556,19,Martin Johnson,Management,75957,12,Evening
557,1,Sara Thomas,Security,46788,18,Morning
558,67,Danielle Maddox,Housekeeping,113037,12,Evening
559,93,Steven Powell,Restaurant,54185,18,Night
560,63,Kelly Mann,Housekeeping,46764,16,Morning
561,73,Hunter Norris PhD,Security,92133,6,Night
562,39,Tabitha Small,Management,103955,4,Morning
563,98,Chelsea Casey,Housekeeping,54998,15,Morning
564,51,Paul Smith,Management,85020,11,Morning
565,41,Teresa White,Maintenance,53798,5,Morning
566,67,Devin Clark,Maintenance,76608,12,Morning
567,36,Tara Herrera,Maintenance,31527,16,Morning
568,68,Nancy Edwards,Security,34441,7,Morning
569,15,Melanie Spears,Security,72269,20,Night
570,14,David Harmon,Maintenance,106561,5,Evening
571,95,Ronald Martinez,Security,45837,17,Evening
572,61,Henry Blake,Management,70286,10,Evening
573,22,Joshua Anderson Jr.,Restaurant,38103,15,Evening
574,23,Casey Park,Housekeeping,45042,7,Evening
575,49,Corey Lawrence,Management,35110,9,Morning
576,32,Sara Patterson,Management,118134,19,Evening
577,40,Amanda Williams,Management,119848,1,Evening
578,70,David Hamilton,Restaurant,113340,13,Evening
579,64,Richard Smith,Management,52274,3,Morning
580,61,Katrina Young,Maintenance,71060,11,Morning
581,49,Megan Parsons,Reception,45298,2,Morning
582,28,Leah Miller,Restaurant,98536,11,Night
583,87,Tiffany Perkins,Maintenance,42951,6,Morning
584,90,Gina Kennedy,Reception,53377,14,Evening
585,74,Rebecca Summers,Restaurant,79110,2,Evening
586,24,Jonathan Cole,Restaurant,90554,14,Morning
587,84,Charles Medina,Maintenance,72196,13,Night
588,2,Pamela Dyer,Management,80281,9,Evening
589,96,Marie Sanders,Reception,76271,18,Night
590,39,Raymond Gutierrez,Restaurant,29952,20,Morning
591,33,Paul Duncan,Security,58333,3,Morning
592,86,Victor Ware,Housekeeping,87062,18,Evening
593,86,Savannah Johnson,Security,67697,2,Evening
594,61,Timothy Potter,Maintenance,36244,4,Evening
595,7,Matthew Roth,Security,117350,9,Evening
596,42,Jorge Holmes,Housekeeping,76199,4,Night
597,9,William Jackson,Management,74995,4,Night
598,65,Barbara Wheeler,Security,38069,10,Night
599,38,Kimberly Santiago,Management,108219,5,Night
600,63,David Stafford,Housekeeping,118998,11,Morning
601,10,Hunter Nelson,Housekeeping,88476,6,Evening
602,80,Jeffrey Brown,Reception,116004,1,Morning
603,75,Erin Barton,Housekeeping,114908,12,Evening
604,50,Ann Jacobs,Reception,60510,12,Evening
605,1,Anita Smith,Security,47246,19,Morning
606,68,Rachel Bradley,Housekeeping,42567,13,Evening
607,6,Shane Anderson,Security,92057,5,Night
608,7,Maria Mueller,Security,53626,8,Morning
609,82,Keith Black,Restaurant,117022,11,Morning
610,40,Johnny Brock,Maintenance,97344,10,Night
611,60,Jacob Hoffman,Management,80921,6,Morning
612,44,Theresa Moore,Reception,114185,11,Night
613,32,Jacob Johnson,Housekeeping,76730,15,Night
614,52,Sara Mccullough,Restaurant,80159,13,Night
615,43,Diane Martin,Restaurant,91246,19,Morning
616,26,Kaitlyn Andrews,Management,81668,14,Evening
617,82,Joseph Brown,Management,57832,15,Morning
618,60,Victoria Wells,Reception,102111,5,Morning
619,25,Peter Andrews,Security,29802,19,Evening
620,12,David Rogers,Security,51749,2,Morning
621,20,Jesse Mitchell,Housekeeping,71874,8,Morning
622,95,Richard Johnson,Management,106334,2,Night
623,76,Amanda Romero,Maintenance,41631,13,Night
624,16,Brenda Graves,Reception,79792,7,Morning
625,17,Willie Lewis,Security,44298,15,Evening
626,27,Veronica Sanchez,Reception,101475,17,Morning
627,85,Seth Welch,Housekeeping,51924,5,Morning
628,97,Michelle Miller,Housekeeping,117688,1,Evening
629,100,Mrs. Megan Medina MD,Restaurant,58860,7,Morning
630,18,Michael Smith,Restaurant,27741,8,Night
631,38,Eric Dean,Maintenance,31566,20,Night
632,83,Kristin Warren,Restaurant,39315,9,Night
633,22,Sandra Rojas,Security,42229,17,Night
634,61,Tamara Dalton,Housekeeping,61038,4,Morning
635,83,Donna Johnson,Maintenance,74809,4,Night
636,26,Leslie Bryan,Security,110718,17,Night
637,7,April Barnes,Maintenance,74187,15,Morning
638,12,John Swanson,Management,83421,1,Evening
639,34,Jeremy Grant,Restaurant,107159,4,Night
640,15,Michael Kelly,Maintenance,91404,13,Evening
641,6,Hannah Williams,Restaurant,39498,20,Morning
642,58,Kyle Allen,Management,97814,10,Morning
643,34,Ashley Dawson,Security,62066,14,Morning
644,4,Denise Lowery,Restaurant,80372,12,Morning
645,4,Jenna Jimenez,Reception,115020,1,Morning
646,15,Shannon Clay,Reception,35602,16,Night
647,33,Lisa Webster,Reception,32445,12,Morning
648,85,Ana Moreno,Reception,119476,12,Night
649,10,Duane Simmons,Housekeeping,30622,3,Evening
650,9,Thomas Santiago,Reception,63548,12,Evening
651,94,Angela Davidson,Restaurant,37459,15,Evening
652,77,James Wallace,Management,51728,11,Night
653,78,Lance Jones,Security,38199,16,Evening
654,36,Gilbert Vasquez,Management,49968,12,Morning
655,51,Troy Cannon,Housekeeping,86315,12,Night
656,11,Lisa Cochran,Reception,60195,4,Morning
657,69,Julie Rosales,Restaurant,66454,18,Night
658,96,Michael Chapman,Reception,67742,2,Evening
659,72,Kimberly Brewer MD,Maintenance,64171,11,Morning
660,75,Karen Williams,Security,119917,15,Night
661,37,Tammy Farley,Security,56441,6,Evening
662,72,Maria Davis,Maintenance,110816,1,Night
663,22,Tracey Wagner,Reception,48313,1,Evening
664,93,Beverly Welch,Maintenance,77315,16,Night
665,4,Joe Little,Security,101829,5,Evening
666,60,William Sanchez,Management,90016,2,Morning
667,45,Kayla Meyers,Security,64573,14,Morning
668,22,Robert Morgan,Management,53951,5,Evening
669,13,Haley Johnson,Restaurant,89986,6,Morning
670,81,Ashley Hardy,Security,50501,2,Morning
671,75,Adam Solis,Reception,109830,19,Evening
672,85,Chad Edwards,Reception,56779,17,Morning
673,88,Alan Buck,Reception,96733,7,Morning
674,53,Kathleen Rogers,Reception,28482,12,Night
675,9,James Wood,Maintenance,82361,2,Night
676,12,Autumn Hooper,Housekeeping,92583,18,Morning
677,63,Michael Powell,Maintenance,105185,10,Night
678,25,Shirley Long,Security,63112,9,Night
679,17,Stephanie Coffey,Reception,55162,17,Morning
680,26,Tracy Brown,Maintenance,33028,5,Night
681,27,Katrina Harris,Security,29353,12,Evening
682,67,Edward Cox,Housekeeping,65170,14,Night
683,36,Kenneth Smith,Security,108555,13,Evening
684,30,Charles Smith,Security,113875,4,Night
685,62,Christopher Ruiz,Restaurant,38196,19,Morning
686,5,Rebecca Hernandez,Reception,66377,2,Evening
687,31,Mr. Stephen Stephens,Housekeeping,77093,17,Night
688,39,Brenda Roberts,Maintenance,86405,2,Night
689,34,Christina Page,Security,86018,11,Evening
690,80,Jennifer Gross,Housekeeping,111608,4,Morning
691,76,Jacob Robles,Security,117230,18,Evening
692,1,Gary Villanueva,Security,34042,18,Night
693,53,Jacqueline Martinez,Housekeeping,111608,19,Night
694,35,James Campbell,Housekeeping,25251,1,Evening
695,34,Antonio Andrews,Restaurant,105249,12,Morning
696,97,Leon Irwin,Maintenance,100162,20,Morning
697,16,Donna Mooney,Reception,59510,10,Morning
698,99,Sarah Douglas,Management,104134,6,Night
699,100,Marcus Wilson,Housekeeping,79604,8,Morning
700,17,Jennifer Kaiser,Security,117343,5,Evening
701,64,Rachel Todd,Housekeeping,81178,20,Night
702,1,Charles Roy,Maintenance,78086,6,Night
703,65,Elizabeth Everett,Security,99362,19,Night
704,37,Micheal Miller,Housekeeping,93581,9,Night
705,93,Todd Johnson,Restaurant,27265,20,Evening
706,19,Bruce Brown,Housekeeping,81328,11,Evening
707,19,Thomas Wang,Restaurant,67559,18,Morning
708,46,Larry Gibson,Security,52098,8,Evening
709,72,Ashley Haas,Reception,103190,13,Night
710,25,Michelle Thompson,Reception,117245,18,Evening
711,39,John Neal,Housekeeping,92005,13,Evening
712,6,Angela Hanson,Housekeeping,64835,3,Night
713,20,Jennifer Carlson,Reception,56673,16,Morning
714,65,Donald Jenkins,Housekeeping,39904,9,Evening
715,88,Joshua Crawford,Maintenance,110797,3,Morning
716,80,James Hatfield,Maintenance,64479,9,Night
717,63,Cheryl Lopez,Management,118994,8,Evening
718,11,Scott Williams,Housekeeping,43445,4,Night
719,87,Brendan Bond,Maintenance,102352,12,Evening
720,67,Elizabeth Hall,Housekeeping,71011,17,Night
721,49,Brandon Clark,Security,55006,15,Morning
722,99,Sabrina Neal,Reception,41684,7,Evening
723,88,Charlotte Duffy,Reception,100021,18,Evening
724,8,Jessica Munoz,Maintenance,118976,14,Morning
725,34,Karen Eaton,Housekeeping,97933,10,Morning
726,82,Adrian Shaw,Security,66858,3,Evening
727,90,Nancy Stafford,Housekeeping,57370,4,Evening
728,6,Stephanie Sosa,Security,80987,11,Evening
729,94,Kristin Mccann,Restaurant,82572,19,Morning
730,80,Pedro Reese,Management,108147,20,Evening
731,39,William Conley,Reception,68730,5,Night
732,31,Beth Floyd,Security,107232,17,Morning
733,99,Jessica Brown,Management,37086,11,Night
734,60,Karina Lynch,Restaurant,106098,7,Night
735,24,Michael Miller,Management,110787,17,Morning
736,93,Michael Torres,Maintenance,83973,8,Morning
737,21,Ashley Howe,Management,57789,9,Morning
738,23,Briana Rivera,Maintenance,103953,1,Evening
739,32,Tammy Gregory,Housekeeping,117403,11,Evening
740,49,Christy Carson,Management,53685,19,Night
741,60,Kelly Miller,Restaurant,90324,4,Evening
742,92,David Anthony,Management,32133,2,Night
743,95,Ashley Bailey,Housekeeping,75438,6,Evening
744,23,Kelly Flores,Management,27223,15,Morning
745,83,Jimmy Costa,Restaurant,46256,11,Evening
746,55,Nancy Johnson,Reception,27267,17,Morning
747,55,Donald Campbell,Restaurant,29854,9,Evening
748,49,Amanda Sandoval,Housekeeping,29244,7,Evening
749,80,Donna Carter,Restaurant,87554,15,Night
750,38,Jessica Gallegos,Maintenance,99803,17,Evening
751,76,Jamie Mcguire,Restaurant,91239,14,Night
752,18,Timothy Lopez,Security,63558,3,Evening
753,69,Darlene Woodward,Maintenance,99930,3,Morning
754,51,Amy Gutierrez,Reception,33340,9,Night
755,91,Brittany Bishop,Housekeeping,83424,5,Evening
756,40,Alexandria Underwood,Security,48266,9,Morning
757,15,Margaret Gordon,Security,84518,7,Night
758,76,Kendra Hale,Reception,28571,2,Night
759,12,Stephanie Lopez,Restaurant,53744,12,Evening
760,13,Sarah Vasquez,Housekeeping,31008,12,Night
761,82,Adam Warner,Housekeeping,112342,20,Morning
762,80,Elizabeth Long,Housekeeping,25924,12,Evening
763,85,Jessica Davis,Restaurant,26406,12,Night
764,39,Christopher Obrien,Security,60003,13,Evening
765,96,Mary Browning,Management,77634,15,Night
766,46,Alejandro Harrington,Management,95126,14,Evening
767,63,Carolyn Mclean,Maintenance,97588,16,Night
768,62,Mark Campbell,Housekeeping,51506,6,Morning
769,6,Elizabeth Blevins,Restaurant,112942,11,Evening
770,62,Patricia Cruz,Maintenance,60349,6,Evening
771,37,Sarah Grimes,Management,110597,7,Morning
772,78,Cynthia Watson,Maintenance,59832,6,Night
773,67,Glenn George,Management,85728,16,Evening
774,9,Christine George,Restaurant,50674,15,Morning
775,100,Angela Lester,Housekeeping,59906,8,Night
776,86,Kyle Myers,Housekeeping,50698,19,Morning
777,1,Zachary Olsen,Restaurant,44719,14,Evening
778,60,Deanna Lee,Management,34001,10,Evening
779,68,Shane Martin,Management,40468,19,Evening
780,8,Tammy Parker,Housekeeping,117676,7,Night
781,69,Jason Chavez,Restaurant,69206,10,Evening
782,73,Richard Marshall,Management,44975,4,Morning
783,69,Cody Ryan,Security,53248,7,Evening
784,83,Jillian Cole,Management,27598,10,Evening
785,41,Gregory Johnston,Maintenance,110710,14,Night
786,13,Tommy Murphy,Reception,83262,19,Morning
787,51,Joel Patton,Maintenance,71372,3,Morning
788,28,Cindy Gonzales,Restaurant,50229,20,Evening
789,45,Chad Stevens,Housekeeping,50425,7,Morning
790,32,Dylan Riley,Restaurant,104430,1,Evening
791,19,Mary Clark,Maintenance,107619,9,Evening
792,57,Vanessa Tanner,Management,96010,13,Evening
793,60,David Perez,Restaurant,102491,3,Night
794,39,Stephen Salazar,Security,55507,4,Night
795,26,Russell Medina,Security,81933,7,Evening
796,89,Amy Price,Security,86309,12,Evening
797,45,Terry Rosales,Maintenance,53148,5,Morning
798,67,Jessica Rodriguez,Reception,81032,9,Evening
799,1,Cassandra Myers,Reception,94304,2,Evening
800,26,Brandon Smith,Restaurant,40876,16,Morning
801,70,Jordan Anderson,Housekeeping,42812,7,Evening
802,38,Justin Bowman,Maintenance,40370,8,Night
803,71,Erin Hayden,Security,33781,1,Evening
804,95,Justin Dougherty,Security,64275,4,Night
805,63,Dr. Bonnie Lee,Security,101287,15,Night
806,28,Emily Brooks,Reception,90517,4,Night
807,61,Christopher Marquez,Management,94193,20,Morning
808,50,Michelle Reynolds,Security,46119,8,Evening
809,32,Ashley Galloway,Housekeeping,64453,18,Night
810,58,James Sullivan,Security,119785,13,Night
811,75,Edward Wilson,Reception,117899,15,Evening
812,53,Crystal Hall,Restaurant,26680,20,Night
813,74,Anthony Dixon,Reception,91056,4,Night
814,33,Shane Moore,Management,40783,16,Morning
815,74,Ana Patterson,Housekeeping,110412,19,Morning
816,10,Stephen Snyder,Restaurant,89301,15,Morning
817,91,Jennifer Williamson,Reception,108388,12,Night
818,44,Sarah Crawford,Reception,74423,6,Morning
819,61,Christopher Melton,Housekeeping,118115,20,Morning
820,2,John Jackson,Maintenance,30570,11,Evening
821,51,Joseph Hanson,Security,56750,17,Night
822,25,Beth Coleman,Restaurant,119866,2,Night
823,90,Timothy Zimmerman,Maintenance,51182,10,Evening
824,21,Kenneth Harrison,Reception,95947,4,Evening
825,48,Mike Smith,Security,36026,14,Night
826,7,Michelle Stone,Restaurant,103434,6,Morning
827,8,Jeffrey Newman,Housekeeping,113384,4,Night
828,24,Jesse Fritz,Restaurant,69179,7,Morning
829,31,Sherri Miller,Reception,45194,8,Night
830,47,Lisa Grant,Management,27030,5,Evening
831,1,Jose Dorsey,Restaurant,59707,4,Morning
832,65,Brendan Garrett,Maintenance,34040,9,Evening
833,52,Danielle Ball,Management,70609,16,Night
834,11,Sara Bradford,Restaurant,65601,2,Night
835,68,Teresa Ball,Management,89919,18,Evening
836,90,Whitney Keller,Housekeeping,115262,20,Night
837,50,Todd Andrews,Housekeeping,36049,13,Morning
838,69,Dr. Robert Ford,Restaurant,98542,15,Evening
839,69,Kristine Solis,Maintenance,48397,18,Night
840,4,Angel Choi,Housekeeping,105735,14,Morning
841,6,Joseph Ball,Maintenance,105178,3,Morning
842,76,John Chan,Housekeeping,65121,12,Morning
843,70,Dr. Dawn Rasmussen PhD,Housekeeping,40197,4,Evening
844,29,Christopher Koch,Restaurant,90267,4,Morning
845,65,Adam Reed,Housekeeping,44896,11,Night
846,58,Wanda Marshall,Maintenance,91331,16,Evening
847,88,Katherine Carpenter MD,Reception,105770,13,Night
848,73,Kari Yu,Maintenance,103231,19,Morning
849,26,Tim Smith,Housekeeping,46071,5,Morning
850,81,Walter Evans,Reception,46968,16,Evening
851,71,Patrick Rodriguez,Management,63918,17,Morning
852,41,Marilyn Lindsey,Security,107117,3,Night
853,72,Jessica Jones,Restaurant,100139,10,Evening
854,23,John Griffin,Security,64398,14,Night
855,60,Susan Clark,Management,69991,5,Morning
856,27,Michael Wolfe,Maintenance,80611,7,Night
857,99,Mary Rodriguez,Security,113934,2,Evening
858,31,Jeffrey Moyer,Reception,103448,5,Night
859,39,Angel Crawford PhD,Housekeeping,93515,10,Night
860,4,Brian Oconnor,Restaurant,110171,2,Evening
861,74,Tracey Allen,Maintenance,98926,20,Evening
862,38,Luis Harris,Restaurant,46567,12,Morning
863,49,Casey Kelley,Security,54239,3,Morning
864,12,Sharon Williams,Reception,83756,10,Evening
865,14,Brandi Knight,Management,36862,10,Morning
866,88,Heather Rivera,Maintenance,52056,15,Evening
867,2,Mr. Thomas Berry,Housekeeping,59900,10,Night
868,90,Michael Williams,Housekeeping,91554,19,Night
869,65,Tyler Macias,Reception,115805,2,Night
870,29,Robert Beck,Housekeeping,63637,16,Night
871,79,William Rodriguez,Security,51178,18,Evening
872,58,James Rodriguez,Restaurant,26669,6,Morning
873,98,Emily Robbins,Restaurant,79680,2,Night
874,73,Natalie Rodriguez,Reception,71935,12,Evening
875,67,Jennifer Morris,Reception,76651,11,Evening
876,52,Teresa Haley,Restaurant,109490,18,Morning
877,62,Jeffrey Gomez,Security,26101,9,Evening
878,44,Natasha Graham,Reception,40002,15,Evening
879,2,Matthew Fowler,Security,33784,15,Evening
880,8,Robert Scott,Housekeeping,32627,5,Evening
881,33,Megan Morris,Security,108316,4,Evening
882,34,Maureen Jones,Housekeeping,95934,7,Morning
883,96,David Sanchez,Security,43753,14,Night
884,74,Joseph Henderson,Restaurant,32651,16,Morning
885,13,Patricia Glover,Maintenance,88874,10,Evening
886,31,Christine Cantu,Reception,106661,7,Night
887,94,Carlos Sherman,Reception,64876,7,Morning
888,87,Sheila Johnson,Restaurant,26361,5,Evening
889,14,Melissa Weber,Security,82013,2,Evening
890,21,John Williams,Management,105000,7,Night
891,83,Daisy Trevino,Security,83779,9,Night
892,11,Christopher Wong,Maintenance,51071,19,Morning
893,59,Mr. Michael Castro,Security,76731,7,Evening
894,54,Alejandra Nelson,Management,80566,1,Evening
895,70,Gary Walters,Reception,96489,7,Morning
896,35,Parker Tran,Restaurant,41499,11,Evening
897,11,Bernard Page,Restaurant,84120,15,Morning
898,51,Paul Jenkins,Management,58555,17,Night
899,99,Steven Williamson,Restaurant,81482,19,Morning
900,100,William Morrison,Maintenance,108539,1,Morning
901,38,Christopher Wilson,Housekeeping,105972,9,Evening
902,4,Diane Moore,Restaurant,109029,8,Night
903,87,Brandon Skinner,Reception,82511,3,Night
904,86,Isaac Carney,Maintenance,87605,4,Morning
905,83,Kimberly Christensen,Housekeeping,65958,16,Night
906,23,Steve Carey,Management,87823,6,Morning
907,65,Michael Santos,Security,38301,13,Morning
908,2,Richard Warner,Maintenance,46740,1,Night
909,94,Christine Davis,Security,79910,1,Evening
910,50,Heidi Cantu,Management,72300,19,Night
911,71,Anthony Lopez,Housekeeping,94004,20,Night
912,67,Vanessa Campbell,Restaurant,92298,8,Evening
913,49,Justin Johnson,Management,66825,19,Morning
914,71,Scott Nelson,Management,82224,12,Night
915,100,Daniel Holt,Restaurant,42827,18,Evening
916,43,Bryce Cunningham,Housekeeping,71003,4,Night
917,34,Angel Callahan,Maintenance,47109,12,Evening
918,73,Michelle Williams,Maintenance,65965,4,Evening
919,52,Andrew Humphrey,Restaurant,58305,15,Morning
920,22,Brian Reed,Housekeeping,113002,17,Night
921,62,Leonard Patterson,Restaurant,51532,19,Evening
922,90,Rodney Riley,Management,31582,3,Morning
923,72,Kevin Clarke,Management,27476,11,Evening
924,19,Kathleen Drake,Maintenance,84060,11,Night
925,55,Ryan Day,Reception,52982,10,Night
926,2,Travis Smith,Housekeeping,108618,18,Morning
927,82,Alex Neal,Security,107410,11,Morning
928,24,Eric Meyer,Security,112795,12,Morning
929,53,Austin Bauer,Management,36763,17,Evening
930,93,Robert Sosa,Reception,103736,6,Morning
931,48,Greg Harper,Housekeeping,83090,3,Morning
932,81,Rebecca Cunningham,Security,39508,15,Evening
933,39,Jasmine Shaffer,Management,103661,14,Night
934,55,Robin Torres,Housekeeping,26174,16,Morning
935,92,Lisa Young,Housekeeping,108432,15,Morning
936,30,Rodney Lawrence,Housekeeping,92014,4,Evening
937,45,William Padilla,Restaurant,75950,2,Morning
938,82,Keith Rogers,Housekeeping,36618,9,Night
939,30,Kurt Reid DDS,Housekeeping,114045,12,Morning
940,12,Jesse Rangel,Maintenance,102287,7,Night
941,40,Colton Austin,Housekeeping,86032,15,Morning
942,19,Robert Mendez III,Security,102169,13,Evening
943,46,Claire Bishop,Restaurant,67676,15,Morning
944,88,Stacy Frederick,Security,37736,8,Morning
945,31,Nicole Stokes,Maintenance,33864,17,Evening
946,40,Janice Dawson,Management,82358,5,Morning
947,32,Cassandra Cabrera,Management,103994,11,Morning
948,49,Joshua Williams,Reception,104309,20,Evening
949,97,Bradley Johnson,Maintenance,71726,18,Evening
950,77,Cristian Townsend,Maintenance,63069,9,Morning
951,36,Charles Smith,Housekeeping,46850,14,Morning
952,26,Caitlin Gomez,Management,35835,6,Morning
953,8,Mckenzie Diaz,Maintenance,66595,10,Evening
954,78,Ray Silva,Management,47074,16,Night
955,46,Victoria Freeman,Management,83310,3,Morning
956,73,Gary Leonard,Security,46885,14,Evening
957,22,Jennifer Fischer,Housekeeping,92614,9,Evening
958,17,Lindsay Hester,Security,43540,11,Morning
959,11,Cheryl Watson,Housekeeping,32826,14,Night
960,79,Michael Sanders,Management,60256,11,Evening
961,4,Jonathan Greene,Maintenance,32204,20,Evening
962,13,Cheryl Patterson,Maintenance,33584,18,Evening
963,56,Matthew Wright,Management,62077,20,Evening
964,2,Justin Mills,Security,86395,20,Night
965,99,Kara Burton,Restaurant,37884,8,Night
966,16,Erica Lynch,Housekeeping,65475,15,Night
967,87,Paul Poole,Management,51414,14,Night
968,82,Brian Valenzuela,Reception,29594,4,Morning
969,33,Jamie Gibson,Reception,40409,8,Morning
970,65,Erin Snyder,Reception,59261,18,Night
971,16,Eric Munoz DDS,Housekeeping,69170,6,Night
972,45,Joe Miller MD,Reception,37671,19,Morning
973,55,Mr. Grant Spencer,Housekeeping,27274,17,Morning
974,60,Jason Wagner,Restaurant,75405,14,Morning
975,48,Aaron Stewart,Maintenance,72756,15,Evening
976,94,Jason Case,Housekeeping,30572,18,Night
977,13,David Pruitt,Restaurant,105127,3,Night
978,45,Ashley Schroeder,Restaurant,102616,17,Morning
979,87,Jeffrey Smith,Maintenance,27932,11,Night
980,82,Katelyn Smith,Security,43537,5,Morning
981,43,Lauren Wagner,Restaurant,115459,16,Night
982,78,Joshua Vaughn,Security,81287,4,Night
983,49,Billy Sampson,Reception,47915,16,Evening
984,41,Roy Lopez,Security,61558,16,Evening
985,13,David Ross,Reception,29013,16,Evening
986,33,Karla Wright,Security,79174,18,Night
987,34,Stephanie Phillips,Reception,57881,9,Evening
988,83,Heather Johnson,Housekeeping,35592,9,Evening
989,13,Carol White,Maintenance,25332,18,Night
990,66,Jennifer Scott,Reception,69218,6,Evening
991,95,Sean Keller,Reception,113075,3,Night
992,24,Morgan Smith,Maintenance,89048,18,Night
993,34,Jennifer Shields,Security,91985,14,Night
994,91,Wendy Brown,Reception,68467,3,Night
995,5,Courtney Butler,Management,100880,9,Evening
996,95,Regina Hoffman,Restaurant,54617,7,Evening
997,2,Sean Garcia,Maintenance,95479,8,Night
998,70,Kyle Gallagher,Security,89637,8,Morning
999,40,Rhonda Foster,Management,35518,2,Morning
1000,88,Lauren Vega,Reception,28216,4,Night
1001,18,Heather Miller,Housekeeping,57507,12,Morning
1002,46,Joseph Schneider,Security,81008,15,Evening
1003,26,Scott Mason,Security,119263,18,Evening
1004,15,Cheryl Rodriguez,Maintenance,25101,15,Morning
1005,26,Michael Lang,Reception,54755,15,Night
1006,80,Ashley Snow,Restaurant,37415,15,Morning
1007,41,Theresa Cole,Management,54095,12,Night
1008,96,Jill Patterson,Restaurant,61411,15,Evening
1009,36,Diane Davis,Reception,74101,14,Night
1010,3,Danielle Crane,Housekeeping,112810,20,Night
1011,40,James Hernandez,Reception,115929,1,Night
1012,100,Adam Long,Management,58929,8,Night
1013,63,Jenna Brown DDS,Restaurant,26078,14,Morning
1014,61,Joshua Adams,Maintenance,55876,20,Evening
1015,90,Jennifer Ashley,Restaurant,34531,19,Night
1016,10,Peggy Jackson,Reception,30617,11,Night
1017,26,Mary Sanchez,Security,110353,7,Evening
1018,3,James Webb,Security,91838,10,Night
1019,55,Cindy Webb,Reception,94549,5,Evening
1020,62,Alan Graham,Management,33555,10,Morning
1021,23,Timothy Friedman,Maintenance,26338,4,Morning
1022,71,Jill Alexander,Restaurant,37392,9,Night
1023,22,Pamela Williams,Security,52288,8,Night
1024,25,Belinda Wilson,Security,63315,9,Morning
1025,22,Travis Butler,Management,88826,9,Evening
1026,82,Jennifer Smith,Restaurant,52987,17,Night
1027,75,Ashley Malone,Housekeeping,41773,5,Night
1028,12,Morgan Bailey,Housekeeping,57643,13,Evening
1029,71,Michael Whitehead,Reception,100208,1,Morning
1030,56,Allison Harris,Housekeeping,95656,14,Morning
1031,81,Katherine Rhodes,Management,113987,8,Morning
1032,14,Elizabeth Singleton,Security,32673,20,Night
1033,84,Margaret Griffith,Security,71592,19,Evening
1034,31,Courtney Key,Security,87009,13,Morning
1035,46,Katherine Roberts,Restaurant,75158,8,Night
1036,69,Michael Johnson,Reception,79305,2,Night
1037,66,Sonia Woodward,Reception,44707,16,Night
1038,70,Roberto Barnett,Security,112840,10,Morning
1039,5,Sandra Wu,Housekeeping,113048,20,Night
1040,3,Kimberly Williams,Management,36707,11,Night
1041,18,Jacob Harrison,Management,72244,20,Morning
1042,98,Ryan Monroe,Security,28908,17,Night
1043,95,Debra Ruiz DVM,Management,99164,19,Evening
1044,32,Brent Lee,Maintenance,43200,1,Morning
1045,27,Dr. Erin Johnson,Security,35605,6,Night
1046,32,Heidi Ortiz,Maintenance,89725,2,Morning
1047,62,Kayla Parker,Housekeeping,34895,14,Evening
1048,76,Sheri Moore,Housekeeping,52951,11,Morning
1049,16,Adam Ball,Reception,89222,19,Evening
1050,35,Karen Roberson,Maintenance,106482,14,Morning
1051,13,Holly Lamb,Reception,110761,7,Night
1052,72,Lynn Holland,Maintenance,28461,13,Evening
1053,61,Lynn Stevens,Maintenance,33853,17,Evening
1054,6,Michael Ramsey,Security,28851,16,Evening
1055,10,Cory Cain,Management,100045,11,Evening
1056,63,Kelly Garza MD,Security,83485,4,Night
1057,51,Matthew Wilson MD,Management,44746,4,Evening
1058,41,Willie Lee,Housekeeping,86258,6,Morning
1059,57,Denise Hernandez,Management,105384,7,Night
1060,39,Allison Burke,Security,104107,18,Morning
1061,94,Jerome Padilla,Reception,55358,15,Evening
1062,54,Gina Mendez,Maintenance,25743,16,Evening
1063,85,Elizabeth Christian,Maintenance,26234,20,Evening
1064,31,Kimberly Ramos,Housekeeping,86662,4,Evening
1065,10,Gabrielle Contreras,Reception,77771,15,Morning
1066,24,Joshua Black,Restaurant,46644,15,Evening
1067,69,Thomas Reeves,Restaurant,104931,4,Night
1068,85,Brian Hobbs,Restaurant,92718,11,Morning
1069,33,Debbie Arnold,Restaurant,83790,3,Evening
1070,5,Andrew Miller,Reception,61663,5,Night
1071,15,Barbara Conner,Housekeeping,89245,20,Night
1072,83,Rebecca Allen,Security,109398,3,Evening
1073,14,Vincent Barry,Management,79337,14,Evening
1074,18,Amy Meza,Housekeeping,27810,3,Morning
1075,67,Elizabeth Brown,Housekeeping,53403,13,Morning
1076,88,Christopher Jackson,Restaurant,76414,6,Evening
1077,74,Jared Lamb,Housekeeping,76356,19,Night
1078,9,Wanda Robinson,Restaurant,49211,2,Morning
1079,42,James Woodard,Reception,48040,19,Evening
1080,13,Richard Castillo,Security,50250,13,Morning
1081,62,Rachael Nguyen,Housekeeping,101300,13,Evening
1082,78,Matthew Morris,Security,55557,16,Evening
1083,24,Jonathan Lopez,Management,109256,19,Evening
1084,70,Charles Harris,Housekeeping,92131,8,Night
1085,48,Christopher Sparks,Management,101030,13,Night
1086,19,Douglas Mendez,Restaurant,110032,6,Morning
1087,21,Spencer Valdez,Reception,76156,15,Evening
1088,67,Jamie Hoffman,Restaurant,28817,19,Evening
1089,37,Jeffrey Ho,Security,47633,16,Evening
1090,68,Cody Martinez,Reception,95707,10,Evening
1091,63,Bradley Mcintosh,Maintenance,87498,8,Morning
1092,59,Timothy Norton,Maintenance,85454,7,Night
1093,34,Todd Arroyo,Maintenance,26342,12,Morning
1094,93,Scott Davis,Maintenance,62320,9,Morning
1095,37,Andrew Cunningham,Reception,35085,5,Morning
1096,98,Catherine Jones,Restaurant,74007,11,Night
1097,73,Kristi Benson,Management,25773,5,Morning
1098,84,Susan Burch,Security,107255,7,Night
1099,18,Susan Ramirez,Restaurant,94936,14,Evening
1100,1,Kelly Parker,Reception,116419,14,Morning
1101,28,Linda Baker,Maintenance,100871,9,Morning
1102,61,Chad Ford,Housekeeping,50325,19,Night
1103,20,Alexander Welch,Restaurant,71012,19,Evening
1104,94,Molly Le,Management,74480,7,Evening
1105,25,Cindy Chase,Management,99759,15,Night
1106,57,Nicholas Schneider,Reception,118494,1,Night
1107,89,Lydia Copeland,Restaurant,99497,3,Morning
1108,22,Raven Dickson,Housekeeping,34017,19,Evening
1109,37,William Diaz,Maintenance,38111,3,Morning
1110,41,Jose Arnold,Management,102407,16,Evening
1111,52,Michelle Murray,Security,84932,10,Night
1112,91,Angela Harrell,Management,114754,9,Night
1113,33,Robert Mccoy Jr.,Security,54010,11,Morning
1114,55,Nicholas Gonzalez,Restaurant,111612,8,Morning
1115,90,Danielle Adams,Security,117928,18,Evening
1116,7,Allen Hoffman,Restaurant,91731,8,Morning
1117,41,Brittany Garcia,Security,78494,19,Night
1118,38,Timothy Cunningham,Reception,65766,17,Morning
1119,77,Mrs. Veronica Butler,Reception,102544,12,Morning
1120,84,Victoria Orozco,Housekeeping,39890,5,Evening
1121,63,Joanna Martin,Reception,99964,12,Night
1122,45,Bobby Jones,Housekeeping,114229,15,Night
1123,85,Austin Hall,Housekeeping,52005,20,Morning
1124,66,Robin Atkins,Restaurant,44099,14,Night
1125,22,Hayley Stevens,Reception,63850,15,Morning
1126,13,Sarah Chavez,Reception,78185,4,Evening
1127,52,Sarah Williams,Management,102460,15,Evening
1128,43,Ashley Ballard,Security,92628,10,Morning
1129,7,John Parrish,Management,95677,17,Evening
1130,79,Mark Kramer,Reception,118707,20,Evening
1131,19,Cassandra Ferguson,Reception,91283,18,Morning
1132,62,Brianna Le,Reception,108053,8,Evening
1133,81,Mary Cortez,Management,29604,3,Morning
1134,61,Jessica Murray,Housekeeping,117436,12,Night
1135,12,Jennifer Garcia,Restaurant,45390,12,Evening
1136,81,Brittany Smith,Maintenance,94630,17,Night
1137,41,Danielle Miller,Restaurant,78770,10,Night
1138,62,Emily Nelson,Management,114028,16,Night
1139,86,Andrew Kelly,Maintenance,117326,14,Night
1140,92,Daniel Fox,Restaurant,107718,17,Night
1141,27,Julian Hernandez,Restaurant,50697,1,Morning
1142,64,Mary Harper,Maintenance,91731,3,Night
1143,67,Denise Gonzalez,Reception,76970,10,Evening
1144,85,Edwin Smith,Management,62519,12,Morning
1145,11,Jamie Anderson,Reception,39028,4,Morning
1146,8,Rebecca Casey,Security,77208,10,Night
1147,44,Sarah Frey,Housekeeping,54618,8,Morning
1148,90,Paige Johnson,Restaurant,117649,17,Night
1149,13,Amanda Black,Restaurant,100305,17,Morning
1150,64,Katelyn Willis DDS,Restaurant,99990,16,Evening
1151,96,Bobby Love,Maintenance,72186,9,Night
1152,44,Adam Cohen,Security,117230,1,Evening
1153,81,Johnny Green,Housekeeping,46602,11,Evening
1154,3,Pamela Mueller,Maintenance,46083,18,Evening
1155,37,Kristen Evans,Housekeeping,81431,14,Morning
1156,80,Stephanie Ewing,Maintenance,110763,19,Morning
1157,6,Richard Baldwin,Security,67772,7,Morning
1158,31,Donald Rodgers,Housekeeping,29308,5,Night
1159,9,William Campbell,Maintenance,116909,12,Evening
1160,50,Melissa Patterson,Restaurant,31094,16,Morning
1161,49,Jesse Gardner,Housekeeping,73787,1,Evening
1162,55,Gerald Bass,Management,113245,5,Morning
1163,87,Roger Lopez,Maintenance,90859,3,Evening
1164,7,Aaron Grant,Management,98686,9,Morning
1165,77,Angela White,Security,75568,8,Night
1166,88,Wesley Madden,Maintenance,62422,5,Morning
1167,17,Donald Hansen MD,Management,106015,20,Morning
1168,16,Jonathan Stephens,Management,112452,4,Night
1169,35,Angelica Miller MD,Maintenance,106216,8,Night
1170,7,Andrea Shepherd,Security,53638,19,Evening
1171,9,Dillon Ryan,Security,55209,6,Evening
1172,25,Lisa Macdonald,Security,55034,3,Evening
1173,13,Marissa Mcconnell,Housekeeping,42895,9,Evening
1174,25,Steven Simpson,Restaurant,84024,18,Morning
1175,88,Dawn Hobbs,Restaurant,83538,4,Morning
1176,10,Ashley Cooley,Housekeeping,70667,5,Morning
1177,13,Melissa Johnson,Housekeeping,113588,13,Morning
1178,100,Laura Elliott,Security,119868,19,Night
1179,15,David Jackson,Security,72558,12,Evening
1180,100,Scott Burns,Housekeeping,45432,15,Morning
1181,40,James Smith,Security,69097,17,Morning
1182,56,Alan Johnston,Restaurant,105372,6,Evening
1183,83,Derrick Strong,Security,30567,10,Evening
1184,63,Noah Paul,Reception,87420,12,Morning
1185,19,Mackenzie Lee,Restaurant,57840,10,Night
1186,45,Sara Salas,Housekeeping,94083,19,Morning
1187,18,Loretta Roberts,Reception,36727,16,Morning
1188,100,Robert Ross,Maintenance,69219,12,Night
1189,99,Jessica Crawford,Reception,31402,15,Night
1190,48,Chad Smith,Maintenance,53826,2,Morning
1191,91,Eileen Bryant,Maintenance,92091,16,Evening
1192,38,Lindsey Dean,Restaurant,116816,6,Evening
1193,92,Jill Forbes,Restaurant,102877,14,Evening
1194,100,Roy Martinez,Security,30125,13,Morning
1195,69,Eddie Turner,Management,58268,2,Evening
1196,64,Stephanie Baker,Housekeeping,115655,5,Morning
1197,99,Kristen Patterson,Security,71981,8,Night
1198,83,Michael Howe MD,Management,43162,7,Night
1199,70,Jesus Howard,Housekeeping,31729,5,Evening
1200,45,Hannah Hubbard,Housekeeping,77878,13,Morning
1201,11,Marcus Kelly,Housekeeping,53963,2,Night
1202,77,Adam Morris,Maintenance,60315,19,Night
1203,81,Joan Davis,Restaurant,75021,1,Night
1204,12,Kenneth Roberts,Reception,50645,13,Night
1205,33,Abigail Pollard,Reception,43845,19,Evening
1206,23,Veronica Ramirez,Maintenance,78000,20,Night
1207,57,Nathaniel Wright MD,Maintenance,78423,8,Night
1208,43,Robert Saunders,Maintenance,94144,17,Night
1209,2,Shawn Bryant,Security,27464,3,Evening
1210,97,Hayley Diaz,Restaurant,99319,14,Morning
1211,82,Christine Allen,Reception,109934,7,Night
1212,51,Erika Acevedo,Reception,74809,3,Evening
1213,97,Ronald Marquez,Security,94625,19,Night
1214,3,James Gould,Housekeeping,108966,1,Night
1215,91,Jonathan Gutierrez,Security,31146,18,Morning
1216,36,Susan Morales,Security,98691,4,Evening
1217,99,Jillian Atkinson,Reception,66224,11,Night
1218,17,Frank Garcia,Maintenance,90946,14,Evening
1219,57,Taylor Duncan,Reception,54808,3,Morning
1220,49,David Anderson,Restaurant,114484,9,Morning
1221,56,Elizabeth Acosta,Maintenance,91686,17,Morning
1222,52,Marc Wilson,Reception,35624,18,Night
1223,15,Jacqueline Wright,Restaurant,89878,4,Morning
1224,80,James Aguirre,Maintenance,44410,2,Morning
1225,40,Thomas Leon,Security,93905,19,Night
1226,39,Wesley Daniels,Management,54361,4,Evening
1227,100,Michele Bonilla,Reception,57397,6,Evening
1228,99,James Roth,Security,95694,3,Morning
1229,27,Tracy Mclaughlin,Management,33987,20,Morning
1230,48,Brooke Lopez,Housekeeping,99338,14,Evening
1231,90,Wanda Anderson,Housekeeping,26009,1,Evening
1232,76,Stephanie Bailey,Security,86983,2,Night
1233,49,Mary Woodard DVM,Security,82077,11,Morning
1234,76,Vickie Thomas,Security,51769,12,Morning
1235,69,Brian Rios,Security,100759,13,Evening
1236,20,Gerald Malone,Reception,25363,15,Morning
1237,53,Matthew Delgado,Restaurant,29290,16,Morning
1238,77,John Juarez,Management,69180,14,Night
1239,39,Jessica Carpenter,Management,43235,19,Morning
1240,26,John Lee,Security,27931,13,Morning
1241,16,Kerry Shaw,Housekeeping,101540,13,Morning
1242,28,Elizabeth Montgomery,Maintenance,52527,1,Morning
1243,40,Todd Mcdaniel,Reception,57943,5,Night
1244,28,Teresa Castillo,Restaurant,85192,18,Night
1245,2,Nicole Murphy,Housekeeping,58430,19,Night
1246,73,Andrew Singh,Restaurant,68856,16,Night
1247,93,Christina Newman,Reception,33800,15,Night
1248,46,Taylor Campbell,Security,47732,1,Night
1249,3,Jesse Cole,Management,115971,1,Night
1250,76,Erik Christensen,Security,118205,19,Evening
1251,57,Samuel Cunningham,Maintenance,82764,18,Morning
1252,55,Joan Williams,Housekeeping,116885,18,Morning
1253,48,Joseph Brooks,Security,87607,2,Evening
1254,89,Jose Blair,Maintenance,117528,7,Night
1255,82,Jacob Brown,Reception,85803,20,Morning
1256,8,Michael Wong,Restaurant,45380,10,Morning
1257,64,James Martinez,Maintenance,60416,17,Night
1258,92,Tyler Williams,Management,56126,1,Morning
1259,10,Sheri Merritt,Maintenance,71943,17,Night
1260,100,Stanley Garcia,Maintenance,47627,13,Evening
1261,22,Jason Allen,Reception,32711,19,Night
1262,100,Adam Smith,Restaurant,85534,8,Morning
1263,92,Matthew Howe,Maintenance,100978,4,Night
1264,20,Emily Maldonado,Management,90208,10,Evening
1265,58,Maria Harrison,Housekeeping,105832,12,Evening
1266,29,Christopher Hansen,Reception,115402,5,Night
1267,43,Dr. Linda Davis,Security,91253,19,Evening
1268,46,Shaun Bennett,Housekeeping,85642,6,Night
1269,47,Kristen Brooks,Maintenance,59791,2,Night
1270,88,Julie Rodriguez,Security,93855,17,Evening
1271,49,Andrea Case,Security,45844,9,Night
1272,74,Linda Bailey,Maintenance,52282,13,Evening
1273,5,Marvin Garcia,Security,54272,9,Night
1274,34,Ronald Li,Security,68303,13,Night
1275,7,Bruce Castro,Management,115782,16,Morning
1276,92,Jessica Hampton,Housekeeping,58420,19,Morning
1277,7,Melanie Mays,Reception,111574,17,Morning
1278,47,Patricia Cook,Reception,89801,6,Morning
1279,39,Marc Mcbride,Maintenance,56178,8,Morning
1280,56,Joseph Smith,Restaurant,45554,6,Evening
1281,1,Kimberly Thompson,Restaurant,80699,16,Morning
1282,52,Eric Fields,Housekeeping,51428,12,Morning
1283,32,Lisa Mccann,Security,88190,4,Night
1284,67,Sarah Gomez,Security,70502,5,Evening
1285,66,David Mitchell,Management,80305,6,Evening
1286,30,Melissa Lewis,Housekeeping,114294,19,Night
1287,35,Angel Jenkins,Management,30655,8,Morning
1288,84,Jeremy Franco,Security,61813,11,Evening
1289,8,Dustin Miller,Management,68848,7,Evening
1290,64,Cindy Butler,Housekeeping,37029,10,Morning
1291,64,Jason Schultz,Security,25905,16,Morning
1292,74,Linda King,Maintenance,33521,8,Evening
1293,28,Megan Blevins,Housekeeping,43426,6,Evening
1294,82,Derrick Hill,Housekeeping,116991,7,Evening
1295,31,Jessica Waters,Maintenance,32047,9,Evening
1296,73,Molly Wilson,Security,53039,4,Evening
1297,24,Juan Collins,Reception,28375,1,Morning
1298,62,Justin Baker,Restaurant,102355,3,Morning
1299,87,Amanda Gutierrez,Housekeeping,35988,7,Night
1300,98,Derek Conway,Security,32538,11,Morning
1301,7,Cory Johnson,Security,50723,18,Morning
1302,87,Jennifer Rowe,Maintenance,94479,8,Morning
1303,68,Kathleen Robinson,Housekeeping,85874,16,Evening
1304,22,Mr. Larry Schultz,Housekeeping,65269,4,Morning
1305,74,Joshua Mccarty,Management,27521,8,Night
1306,75,Madeline Cook,Maintenance,102421,5,Evening
1307,27,Brent Peters,Management,72015,1,Morning
1308,8,Zachary Paul,Restaurant,57836,10,Night
1309,97,Lisa Gamble,Maintenance,42991,9,Morning
1310,17,Larry Gonzalez,Housekeeping,52771,17,Morning
1311,74,Austin Jones,Restaurant,72185,14,Night
1312,63,Aaron White,Restaurant,71776,12,Morning
1313,5,Philip Soto,Security,42217,2,Night
1314,85,Lisa Jenkins,Security,41310,9,Morning
1315,54,Ian Hines Jr.,Restaurant,29135,19,Night
1316,72,April Miller,Housekeeping,102880,16,Morning
1317,62,Erica King,Reception,62475,1,Evening
1318,96,Laura Smith,Housekeeping,89443,15,Evening
1319,41,Natalie Flores,Housekeeping,90920,3,Morning
1320,96,Dawn Gonzales,Management,86235,14,Morning
1321,48,Aaron Lee,Maintenance,86911,8,Morning
1322,44,Shannon Steele,Reception,61347,19,Morning
1323,23,Robert Johnson,Management,64725,16,Evening
1324,77,Grace Faulkner,Maintenance,57928,11,Night
1325,58,Michael Wells,Housekeeping,33436,11,Night
1326,36,Edward Mays,Security,95981,12,Night
1327,50,William Mcclure,Housekeeping,87163,11,Night
1328,5,Kimberly Dickerson,Reception,64123,7,Morning
1329,62,Seth Andrade,Reception,69589,11,Night
1330,74,Susan Fernandez,Security,59771,11,Evening
1331,55,Leah Thomas,Maintenance,67206,10,Night
1332,39,Jason Fowler,Reception,51839,17,Evening
1333,26,Jeffrey Hunter,Management,31540,15,Evening
1334,21,Steven Weaver DDS,Security,48282,17,Evening
1335,58,Tiffany Gilbert,Reception,107239,2,Night
1336,82,Shaun Bradley,Maintenance,74713,4,Evening
1337,32,Courtney Collins,Restaurant,86414,8,Morning
1338,2,William Lane,Management,30419,7,Evening
1339,50,Lisa Fields,Housekeeping,97727,18,Evening
1340,11,Regina Rogers,Reception,33996,5,Evening
1341,69,Dr. Matthew Grant DDS,Restaurant,69940,20,Night
1342,70,Craig Mcdaniel,Management,32817,17,Evening
1343,90,Robert Garcia,Reception,106399,1,Evening
1344,96,Gloria Callahan,Restaurant,59801,2,Evening
1345,15,Thomas Torres,Management,117225,12,Evening
1346,86,Crystal Hughes,Restaurant,42122,20,Morning
1347,78,Cassandra Jones,Reception,64078,12,Evening
1348,5,Melanie Monroe,Housekeeping,27872,20,Evening
1349,86,Carolyn Price,Restaurant,104589,8,Night
1350,2,Frank Zuniga Jr.,Maintenance,60091,13,Night
1351,36,Jessica Lowe,Restaurant,116850,18,Night
1352,70,Courtney Gray,Security,25994,2,Night
1353,55,Ann Johnson,Management,43367,12,Morning
1354,43,James Parker,Maintenance,69383,8,Morning
1355,27,James Torres,Management,42925,2,Morning
1356,23,Sandra Peterson,Management,80085,2,Night
1357,40,Hunter Henderson,Restaurant,52719,17,Night
1358,99,Anthony Campbell,Housekeeping,56939,6,Morning
1359,8,Veronica Morgan,Restaurant,101277,13,Evening
1360,83,Scott Kaufman,Restaurant,63409,9,Night
1361,77,Mike Rollins,Maintenance,30695,2,Morning
1362,56,Michael Green,Restaurant,71220,7,Evening
1363,6,Michael Arias,Reception,84128,12,Night
1364,51,Dr. Mathew Silva,Security,95828,13,Evening
1365,91,Cynthia Jackson,Reception,96306,2,Morning
1366,59,George Peterson,Restaurant,50910,14,Evening
1367,99,David Mason,Reception,81602,19,Evening
1368,9,Elizabeth Bauer,Housekeeping,81227,2,Evening
1369,21,Christopher Phelps,Reception,78497,2,Night
1370,56,Tiffany Wallace,Security,37387,13,Night
1371,91,Michael White,Security,62840,15,Evening
1372,4,Mark Martin,Security,36045,4,Evening
1373,45,Jennifer King,Maintenance,61527,8,Evening
1374,3,William Marquez,Security,66171,17,Evening
1375,25,Cynthia Wong,Housekeeping,62804,18,Morning
1376,93,Brittany Smith,Maintenance,56334,15,Morning
1377,38,Michael Barnes,Security,73340,18,Evening
1378,15,Sonya Adams,Maintenance,37000,12,Morning
1379,72,David Dunn,Maintenance,118038,9,Night
1380,1,Vincent Burton,Restaurant,112960,6,Night
1381,79,Tina Olson,Housekeeping,59964,6,Night
1382,73,John Williams,Reception,34460,20,Evening
1383,26,Hannah Hurst,Housekeeping,81809,14,Night
1384,63,Joseph Gregory,Security,41821,15,Morning
1385,50,Diana Morton,Management,95560,16,Evening
1386,49,Matthew Hughes,Maintenance,28575,1,Morning
1387,41,Shannon Ryan,Maintenance,25405,6,Evening
1388,13,Kayla Wright,Management,84401,16,Evening
1389,75,Anita Finley,Restaurant,27908,11,Evening
1390,31,Teresa Williams,Restaurant,100378,14,Morning
1391,96,Tracy Johnson,Management,110445,11,Night
1392,41,Steven Rhodes,Reception,47591,9,Night
1393,99,Jesus Santiago,Security,66506,10,Evening
1394,60,Nicholas Smith,Security,43939,15,Evening
1395,60,Christina Barnett,Reception,113819,10,Morning
1396,79,Justin Reynolds IV,Reception,52529,16,Evening
1397,79,Thomas Harris,Restaurant,58941,16,Morning
1398,83,Andrew Mccoy,Housekeeping,30776,20,Night
1399,23,David Snyder,Restaurant,68050,9,Morning
1400,26,Robert Smith,Maintenance,80791,3,Night
1401,23,William Baker,Reception,48550,2,Evening
1402,94,Rita Schwartz,Maintenance,43730,15,Morning
1403,98,Linda Willis,Management,113295,14,Evening
1404,84,Cassidy Smith,Housekeeping,38684,14,Evening
1405,7,Gary Dillon,Management,69297,5,Morning
1406,34,Allison Pacheco,Reception,80099,6,Evening
1407,49,Michael Stephens,Housekeeping,46316,6,Morning
1408,46,Cory White,Restaurant,115077,9,Evening
1409,1,Amanda Mckay,Restaurant,51913,5,Night
1410,53,Kelly Bauer,Restaurant,38474,1,Evening
1411,30,Mary Rogers,Security,87550,5,Night
1412,33,Brian Dean,Security,42582,3,Night
1413,68,Gerald Espinoza,Housekeeping,84306,11,Night
1414,47,Andrew Weiss,Maintenance,80547,16,Morning
1415,54,Kyle Mcclain,Reception,84627,1,Evening
1416,40,Jennifer Jordan,Security,91760,2,Night
1417,32,Troy Wood,Maintenance,71064,10,Night
1418,16,Sheryl Green,Security,27031,15,Morning
1419,55,Steven Bradford,Reception,48667,12,Morning
1420,9,Jessica Anderson,Housekeeping,113565,11,Night
1421,39,David Flores,Security,61963,12,Morning
1422,29,Steven Anderson,Management,98665,7,Night
1423,86,Mason Griffith,Security,83964,14,Morning
1424,95,Brian Davila,Housekeeping,116919,17,Morning
1425,61,Robert Robinson,Housekeeping,105825,12,Morning
1426,45,Hannah Hall,Restaurant,61508,12,Evening
1427,65,Candice Gray,Management,72353,20,Night
1428,95,Helen Herring,Restaurant,72066,20,Evening
1429,39,Cynthia Cook DDS,Maintenance,74339,10,Night
1430,98,Robyn Camacho,Security,59695,4,Night
1431,42,Lori Andrews,Restaurant,106324,7,Evening
1432,26,Dr. Joseph Brown,Reception,100438,4,Night
1433,4,Cynthia Gordon,Management,34683,7,Morning
1434,58,Sarah Cortez,Reception,81008,17,Morning
1435,92,Charles Rose,Restaurant,103966,6,Evening
1436,96,Taylor Payne,Reception,66613,3,Evening
1437,6,Jamie Harrell,Security,63920,7,Night
1438,97,Brian Franco,Security,67169,11,Night
1439,30,Christopher Brown,Security,110773,9,Night
1440,7,Matthew Moody,Security,63594,16,Evening
1441,6,Angel Hicks,Housekeeping,99815,8,Night
1442,94,Jessica Williams,Management,77210,2,Evening
1443,88,Roger Alexander,Housekeeping,45143,12,Night
1444,8,Ricardo Bates,Maintenance,57558,19,Evening
1445,79,Becky Morse,Security,84165,3,Evening
1446,82,Bryan Hamilton,Security,81418,15,Night
1447,88,Douglas Peterson,Restaurant,80937,16,Morning
1448,33,Jermaine Campbell,Maintenance,33810,10,Evening
1449,16,Marcia Cox,Management,31454,16,Evening
1450,44,Donna Martin,Reception,28842,20,Night
1451,60,Deborah Adams,Maintenance,54669,18,Night
1452,54,Heather Solomon,Housekeeping,67285,4,Morning
1453,27,David Steele,Housekeeping,96099,8,Evening
1454,20,Jeffrey Brown,Restaurant,102145,15,Morning
1455,61,Marie Caldwell,Management,39198,1,Morning
1456,9,Ricky Ruiz,Housekeeping,111202,4,Evening
1457,17,Jose Richard,Housekeeping,51501,1,Night
1458,52,Katrina Patton,Management,116741,14,Morning
1459,89,Brandon Lowe,Reception,90111,5,Night
1460,60,Karen Martin,Restaurant,107136,20,Evening
1461,36,Timothy Taylor,Reception,52547,16,Morning
1462,91,Hunter Lee,Management,74135,12,Night
1463,28,Kayla Huffman,Maintenance,28093,19,Morning
1464,89,Danielle Allen,Security,46048,18,Night
1465,41,Pam Whitehead,Housekeeping,75750,7,Night
1466,86,Rebecca Wallace,Reception,43392,13,Evening
1467,31,Lance Harrison,Reception,45202,1,Night
1468,83,April Edwards,Reception,102633,17,Morning
1469,85,William Webb,Restaurant,51396,11,Evening
1470,35,Danny Franco,Management,34806,20,Night
1471,82,Jacqueline Garcia,Housekeeping,45002,12,Night
1472,47,Shannon Lopez,Housekeeping,68072,19,Night
1473,56,Kevin Humphrey,Housekeeping,101751,4,Evening
1474,37,Kristine Cole,Restaurant,35915,4,Night
1475,81,Pamela Irwin,Restaurant,58820,13,Morning
1476,48,Brenda Nunez,Housekeeping,59403,16,Morning
1477,91,Matthew Cohen,Restaurant,99004,11,Evening
1478,79,Donald Goodman,Management,77121,7,Night
1479,22,Jessica Gomez,Security,81900,2,Morning
1480,68,Adam Torres,Management,117343,12,Morning
1481,60,Michael Olsen IV,Maintenance,98851,1,Morning
1482,66,Kara Miller,Reception,83349,7,Night
1483,9,Danielle Molina,Management,42931,6,Evening
1484,42,Adam Cruz,Restaurant,28430,7,Morning
1485,10,Andrew Marks,Reception,51420,8,Evening
1486,38,Bryan Thomas,Security,97156,2,Morning
1487,68,Thomas Winters,Management,75365,10,Evening
1488,56,Erika Adkins,Maintenance,117012,17,Morning
1489,94,Julia Hill,Security,47448,20,Morning
1490,69,Kristi Moreno,Restaurant,94961,8,Evening
1491,3,Daniel Montes,Management,64956,7,Morning
1492,8,Michele Smith,Management,116975,11,Morning
1493,28,Karen Smith,Maintenance,42952,8,Morning
1494,82,Felicia Smith,Security,54001,5,Night
1495,14,Troy Payne,Restaurant,99561,1,Evening
1496,27,Brian Ruiz,Restaurant,61216,4,Evening
1497,67,Brandi Ross,Security,106626,6,Night
1498,60,Cynthia Norman,Reception,91691,2,Morning
1499,53,Kenneth Reed,Maintenance,54090,19,Evening
1500,49,Molly Long,Restaurant,65422,9,Morning
